<?xml version="1.0" encoding="UTF-8"?>
<project-private xmlns="http://www.netbeans.org/ns/project-private/1">
    <editor-bookmarks xmlns="http://www.netbeans.org/ns/editor-bookmarks/2" lastBookmarkId="0"/>
    <open-files xmlns="http://www.netbeans.org/ns/projectui-open-files/2">
        <group>
            <file>file:/C:/xampp/htdocs/All_registration/adminlogin/admin_insurance/admin_insu_header.php</file>
            <file>file:/C:/xampp/htdocs/All_registration/adminlogin/admin_insurance/admin_insurancesearch.php</file>
            <file>file:/C:/xampp/htdocs/All_registration/adminlogin/admin_insurance/admin_insu_footer.php</file>
            <file>file:/C:/xampp/htdocs/All_registration/Insurance/insurancesearch.php</file>
            <file>file:/C:/xampp/htdocs/All_registration/adminlogin/admin_society/admin_societysearch.php</file>
            <file>file:/C:/xampp/htdocs/All_registration/databaseconnection/databasesociety.php</file>
            <file>file:/C:/xampp/htdocs/All_registration/adminlogin/admin_insurance/admin_insuranceview.php</file>
        </group>
    </open-files>
</project-private>
